image,class
image0/image1.png,0
image0/image2.png,0
image0/image3.png,0
image0/image4.png,0
image0/image5.png,0
image0/image6.png,0
image0/image7.png,0
image0/image8.png,0
image0/image9.png,0
image0/image10.png,0
image0/image11.png,0
image0/image12.png,0
image0/image13.png,0
image0/image14.png,0
image0/image15.png,0
image0/image16.png,0
image0/image17.png,0
image0/image18.png,0
image0/image19.png,0
image0/image20.png,0
image0/image21.png,0
image0/image22.png,0
image0/image23.png,0
image0/image24.png,0
image0/image25.png,0
image0/image26.png,0
image0/image27.png,0
image0/image28.png,0
image0/image29.png,0
image0/image30.png,0
image0/image31.png,0
image0/image32.png,0
image0/image33.png,0
image0/image34.png,0
image0/image35.png,0
image0/image36.png,0
image0/image37.png,0
image0/image38.png,0
image0/image39.png,0
image0/image40.png,0
image0/image41.png,0
image0/image42.png,0
image0/image43.png,0
image0/image44.png,0
image0/image45.png,0
image1/image1.png,1
image1/image2.png,1
image1/image3.png,1
image1/image4.png,1
image1/image5.png,1
image1/image6.png,1
image1/image7.png,1
image1/image8.png,1
image1/image9.png,1
image1/image10.png,1
image1/image11.png,1
image1/image12.png,1
image1/image13.png,1
image1/image14.png,1
image1/image15.png,1
image1/image16.png,1
image1/image17.png,1
image1/image18.png,1
image1/image19.png,1
image1/image20.png,1
image1/image21.png,1
image1/image22.png,1
image1/image23.png,1
image1/image24.png,1
image1/image25.png,1
image1/image26.png,1
image1/image27.png,1
image1/image28.png,1
image1/image29.png,1
image1/image30.png,1
image1/image31.png,1
image1/image32.png,1
image1/image33.png,1
image1/image34.png,1
image1/image35.png,1
image1/image36.png,1
image1/image37.png,1
image1/image38.png,1
image1/image39.png,1
image1/image40.png,1
image1/image41.png,1
image1/image42.png,1
image1/image43.png,1
image1/image44.png,1
image2/image1.png,2
image2/image2.png,2
image2/image3.png,2
image2/image4.png,2
image2/image5.png,2
image2/image6.png,2
image2/image7.png,2
image2/image8.png,2
image2/image9.png,2
image2/image10.png,2
image2/image11.png,2
image2/image12.png,2
image2/image13.png,2
image2/image14.png,2
image2/image15.png,2
image2/image16.png,2
image2/image17.png,2
image2/image18.png,2
image2/image19.png,2
image2/image20.png,2
image2/image21.png,2
image2/image22.png,2
image2/image23.png,2
image2/image24.png,2
image2/image25.png,2
image2/image26.png,2
image2/image27.png,2
image2/image28.png,2
image2/image29.png,2
image2/image30.png,2
image2/image31.png,2
image2/image32.png,2
image2/image33.png,2
image2/image34.png,2
image2/image35.png,2
image2/image36.png,2
image2/image37.png,2
image2/image38.png,2
image2/image39.png,2
image2/image40.png,2
image2/image41.png,2
image2/image42.png,2
image2/image43.png,2
image2/image44.png,2
image2/image45.png,2
image3/image1.png,3
image3/image2.png,3
image3/image3.png,3
image3/image4.png,3
image3/image5.png,3
image3/image6.png,3
image3/image7.png,3
image3/image8.png,3
image3/image9.png,3
image3/image10.png,3
image3/image11.png,3
image3/image12.png,3
image3/image13.png,3
image3/image14.png,3
image3/image15.png,3
image3/image16.png,3
image3/image17.png,3
image3/image18.png,3
image3/image19.png,3
image3/image20.png,3
image3/image21.png,3
image3/image22.png,3
image3/image23.png,3
image3/image24.png,3
image3/image25.png,3
image3/image26.png,3
image3/image27.png,3
image3/image28.png,3
image3/image29.png,3
image3/image30.png,3
image3/image31.png,3
image3/image32.png,3
image3/image33.png,3
image3/image34.png,3
image3/image35.png,3
image3/image36.png,3
image3/image37.png,3
image3/image38.png,3
image3/image39.png,3
image3/image40.png,3
image3/image41.png,3
image3/image42.png,3
image3/image43.png,3
image3/image44.png,3
image3/image45.png,3
image4/image1.png,4
image4/image2.png,4
image4/image3.png,4
image4/image4.png,4
image4/image5.png,4
image4/image6.png,4
image4/image7.png,4
image4/image8.png,4
image4/image9.png,4
image4/image10.png,4
image4/image11.png,4
image4/image12.png,4
image4/image13.png,4
image4/image14.png,4
image4/image15.png,4
image4/image16.png,4
image4/image17.png,4
image4/image18.png,4
image4/image19.png,4
image4/image20.png,4
image4/image21.png,4
image4/image22.png,4
image4/image23.png,4
image4/image24.png,4
image4/image25.png,4
image4/image26.png,4
image4/image27.png,4
image4/image28.png,4
image4/image29.png,4
image4/image30.png,4
image4/image31.png,4
image4/image32.png,4
image4/image33.png,4
image4/image34.png,4
image4/image35.png,4
image4/image36.png,4
image4/image37.png,4
image4/image38.png,4
image4/image39.png,4
image4/image40.png,4
image4/image41.png,4
image4/image42.png,4
image4/image43.png,4
image4/image44.png,4
image5/image1.png,5
image5/image2.png,5
image5/image3.png,5
image5/image4.png,5
image5/image5.png,5
image5/image6.png,5
image5/image7.png,5
image5/image8.png,5
image5/image9.png,5
image5/image10.png,5
image5/image11.png,5
image5/image12.png,5
image5/image13.png,5
image5/image14.png,5
image5/image15.png,5
image5/image16.png,5
image5/image17.png,5
image5/image18.png,5
image5/image19.png,5
image5/image20.png,5
image5/image21.png,5
image5/image22.png,5
image5/image23.png,5
image5/image24.png,5
image5/image25.png,5
image5/image26.png,5
image5/image27.png,5
image5/image28.png,5
image5/image29.png,5
image5/image30.png,5
image5/image31.png,5
image5/image32.png,5
image5/image33.png,5
image5/image34.png,5
image5/image35.png,5
image5/image36.png,5
image5/image37.png,5
image5/image38.png,5
image5/image39.png,5
image5/image40.png,5
image5/image41.png,5
image5/image42.png,5
image5/image43.png,5
image5/image44.png,5
image6/image1.png,6
image6/image2.png,6
image6/image3.png,6
image6/image4.png,6
image6/image5.png,6
image6/image6.png,6
image6/image7.png,6
image6/image8.png,6
image6/image9.png,6
image6/image10.png,6
image6/image11.png,6
image6/image12.png,6
image6/image13.png,6
image6/image14.png,6
image6/image15.png,6
image6/image16.png,6
image6/image17.png,6
image6/image18.png,6
image6/image19.png,6
image6/image20.png,6
image6/image21.png,6
image6/image22.png,6
image6/image23.png,6
image6/image24.png,6
image6/image25.png,6
image6/image26.png,6
image6/image27.png,6
image6/image28.png,6
image6/image29.png,6
image6/image30.png,6
image6/image31.png,6
image6/image32.png,6
image6/image33.png,6
image6/image34.png,6
image6/image35.png,6
image6/image36.png,6
image6/image37.png,6
image6/image38.png,6
image6/image39.png,6
image6/image40.png,6
image6/image41.png,6
image6/image42.png,6
image6/image43.png,6
image6/image44.png,6
image6/image45.png,6
image7/image1.png,7
image7/image2.png,7
image7/image3.png,7
image7/image4.png,7
image7/image5.png,7
image7/image6.png,7
image7/image7.png,7
image7/image8.png,7
image7/image9.png,7
image7/image10.png,7
image7/image11.png,7
image7/image12.png,7
image7/image13.png,7
image7/image14.png,7
image7/image15.png,7
image7/image16.png,7
image7/image17.png,7
image7/image18.png,7
image7/image19.png,7
image7/image20.png,7
image7/image21.png,7
image7/image22.png,7
image7/image23.png,7
image7/image24.png,7
image7/image25.png,7
image7/image26.png,7
image7/image27.png,7
image7/image28.png,7
image7/image29.png,7
image7/image30.png,7
image7/image31.png,7
image7/image32.png,7
image7/image33.png,7
image7/image34.png,7
image7/image35.png,7
image7/image36.png,7
image7/image37.png,7
image7/image38.png,7
image7/image39.png,7
image7/image40.png,7
image7/image41.png,7
image7/image42.png,7
image7/image43.png,7
image7/image44.png,7
image8/image1.png,8
image8/image2.png,8
image8/image3.png,8
image8/image4.png,8
image8/image5.png,8
image8/image6.png,8
image8/image7.png,8
image8/image8.png,8
image8/image9.png,8
image8/image10.png,8
image8/image11.png,8
image8/image12.png,8
image8/image13.png,8
image8/image14.png,8
image8/image15.png,8
image8/image16.png,8
image8/image17.png,8
image8/image18.png,8
image8/image19.png,8
image8/image20.png,8
image8/image21.png,8
image8/image22.png,8
image8/image23.png,8
image8/image24.png,8
image8/image25.png,8
image8/image26.png,8
image8/image27.png,8
image8/image28.png,8
image8/image29.png,8
image8/image30.png,8
image8/image31.png,8
image8/image32.png,8
image8/image33.png,8
image8/image34.png,8
image8/image35.png,8
image8/image36.png,8
image8/image37.png,8
image8/image38.png,8
image8/image39.png,8
image8/image40.png,8
image8/image41.png,8
image8/image42.png,8
image8/image43.png,8
image8/image44.png,8
image8/image45.png,8
image9/image1.png,9
image9/image2.png,9
image9/image3.png,9
image9/image4.png,9
image9/image5.png,9
image9/image6.png,9
image9/image7.png,9
image9/image8.png,9
image9/image9.png,9
image9/image10.png,9
image9/image11.png,9
image9/image12.png,9
image9/image13.png,9
image9/image14.png,9
image9/image15.png,9
image9/image16.png,9
image9/image17.png,9
image9/image18.png,9
image9/image19.png,9
image9/image20.png,9
image9/image21.png,9
image9/image22.png,9
image9/image23.png,9
image9/image24.png,9
image9/image25.png,9
image9/image26.png,9
image9/image27.png,9
image9/image28.png,9
image9/image29.png,9
image9/image30.png,9
image9/image31.png,9
image9/image32.png,9
image9/image33.png,9
image9/image34.png,9
image9/image35.png,9
image9/image36.png,9
image9/image37.png,9
image9/image38.png,9
image9/image39.png,9
image9/image40.png,9
image9/image41.png,9
image9/image42.png,9
image9/image43.png,9
image9/image44.png,9
image9/image45.png,9
image10/image1.png,10
image10/image2.png,10
image10/image3.png,10
image10/image4.png,10
image10/image5.png,10
image10/image6.png,10
image10/image7.png,10
image10/image8.png,10
image10/image9.png,10
image10/image10.png,10
image10/image11.png,10
image10/image12.png,10
image10/image13.png,10
image10/image14.png,10
image10/image15.png,10
image10/image16.png,10
image10/image17.png,10
image10/image18.png,10
image10/image19.png,10
image10/image20.png,10
image10/image21.png,10
image10/image22.png,10
image10/image23.png,10
image10/image24.png,10
image10/image25.png,10
image10/image26.png,10
image10/image27.png,10
image10/image28.png,10
image10/image29.png,10
image10/image30.png,10
image10/image31.png,10
image10/image32.png,10
image10/image33.png,10
image10/image34.png,10
image10/image35.png,10
image10/image36.png,10
image10/image37.png,10
image10/image38.png,10
image10/image39.png,10
image10/image40.png,10
image10/image41.png,10
image10/image42.png,10
image10/image43.png,10
image10/image44.png,10
image10/image45.png,10
image11/image1.png,11
image11/image2.png,11
image11/image3.png,11
image11/image4.png,11
image11/image5.png,11
image11/image6.png,11
image11/image7.png,11
image11/image8.png,11
image11/image9.png,11
image11/image10.png,11
image11/image11.png,11
image11/image12.png,11
image11/image13.png,11
image11/image14.png,11
image11/image15.png,11
image11/image16.png,11
image11/image17.png,11
image11/image18.png,11
image11/image19.png,11
image11/image20.png,11
image11/image21.png,11
image11/image22.png,11
image11/image23.png,11
image11/image24.png,11
image11/image25.png,11
image11/image26.png,11
image11/image27.png,11
image11/image28.png,11
image11/image29.png,11
image11/image30.png,11
image11/image31.png,11
image11/image32.png,11
image11/image33.png,11
image11/image34.png,11
image11/image35.png,11
image11/image36.png,11
image11/image37.png,11
image11/image38.png,11
image11/image39.png,11
image11/image40.png,11
image11/image41.png,11
image11/image42.png,11
image11/image43.png,11
image11/image44.png,11
image11/image45.png,11
image12/image1.png,12
image12/image2.png,12
image12/image3.png,12
image12/image4.png,12
image12/image5.png,12
image12/image6.png,12
image12/image7.png,12
image12/image8.png,12
image12/image9.png,12
image12/image10.png,12
image12/image11.png,12
image12/image12.png,12
image12/image13.png,12
image12/image14.png,12
image12/image15.png,12
image12/image16.png,12
image12/image17.png,12
image12/image18.png,12
image12/image19.png,12
image12/image20.png,12
image12/image21.png,12
image12/image22.png,12
image12/image23.png,12
image12/image24.png,12
image12/image25.png,12
image12/image26.png,12
image12/image27.png,12
image12/image28.png,12
image12/image29.png,12
image12/image30.png,12
image12/image31.png,12
image12/image32.png,12
image12/image33.png,12
image12/image34.png,12
image12/image35.png,12
image12/image36.png,12
image12/image37.png,12
image12/image38.png,12
image12/image39.png,12
image12/image40.png,12
image12/image41.png,12
image12/image42.png,12
image12/image43.png,12
image12/image44.png,12
image12/image45.png,12
image13/image1.png,13
image13/image2.png,13
image13/image3.png,13
image13/image4.png,13
image13/image5.png,13
image13/image6.png,13
image13/image7.png,13
image13/image8.png,13
image13/image9.png,13
image13/image10.png,13
image13/image11.png,13
image13/image12.png,13
image13/image13.png,13
image13/image14.png,13
image13/image15.png,13
image13/image16.png,13
image13/image17.png,13
image13/image18.png,13
image13/image19.png,13
image13/image20.png,13
image13/image21.png,13
image13/image22.png,13
image13/image23.png,13
image13/image24.png,13
image13/image25.png,13
image13/image26.png,13
image13/image27.png,13
image13/image28.png,13
image13/image29.png,13
image13/image30.png,13
image13/image31.png,13
image13/image32.png,13
image13/image33.png,13
image13/image34.png,13
image13/image35.png,13
image13/image36.png,13
image13/image37.png,13
image13/image38.png,13
image13/image39.png,13
image13/image40.png,13
image13/image41.png,13
image13/image42.png,13
image13/image43.png,13
image13/image44.png,13
image13/image45.png,13
image14/image1.png,14
image14/image2.png,14
image14/image3.png,14
image14/image4.png,14
image14/image5.png,14
image14/image6.png,14
image14/image7.png,14
image14/image8.png,14
image14/image9.png,14
image14/image10.png,14
image14/image11.png,14
image14/image12.png,14
image14/image13.png,14
image14/image14.png,14
image14/image15.png,14
image14/image16.png,14
image14/image17.png,14
image14/image18.png,14
image14/image19.png,14
image14/image20.png,14
image14/image21.png,14
image14/image22.png,14
image14/image23.png,14
image14/image24.png,14
image14/image25.png,14
image14/image26.png,14
image14/image27.png,14
image14/image28.png,14
image14/image29.png,14
image14/image30.png,14
image14/image31.png,14
image14/image32.png,14
image14/image33.png,14
image14/image34.png,14
image14/image35.png,14
image14/image36.png,14
image14/image37.png,14
image14/image38.png,14
image14/image39.png,14
image14/image40.png,14
image14/image41.png,14
image14/image42.png,14
image14/image43.png,14
image14/image44.png,14
image15/image1.png,15
image15/image2.png,15
image15/image3.png,15
image15/image4.png,15
image15/image5.png,15
image15/image6.png,15
image15/image7.png,15
image15/image8.png,15
image15/image9.png,15
image15/image10.png,15
image15/image11.png,15
image15/image12.png,15
image15/image13.png,15
image15/image14.png,15
image15/image15.png,15
image15/image16.png,15
image15/image17.png,15
image15/image18.png,15
image15/image19.png,15
image15/image20.png,15
image15/image21.png,15
image15/image22.png,15
image15/image23.png,15
image15/image24.png,15
image15/image25.png,15
image15/image26.png,15
image15/image27.png,15
image15/image28.png,15
image15/image29.png,15
image15/image30.png,15
image15/image31.png,15
image15/image32.png,15
image15/image33.png,15
image15/image34.png,15
image15/image35.png,15
image15/image36.png,15
image15/image37.png,15
image15/image38.png,15
image15/image39.png,15
image15/image40.png,15
image15/image41.png,15
image15/image42.png,15
image15/image43.png,15
image15/image44.png,15
image15/image45.png,15
image16/image1.png,16
image16/image2.png,16
image16/image3.png,16
image16/image4.png,16
image16/image5.png,16
image16/image6.png,16
image16/image7.png,16
image16/image8.png,16
image16/image9.png,16
image16/image10.png,16
image16/image11.png,16
image16/image12.png,16
image16/image13.png,16
image16/image14.png,16
image16/image15.png,16
image16/image16.png,16
image16/image17.png,16
image16/image18.png,16
image16/image19.png,16
image16/image20.png,16
image16/image21.png,16
image16/image22.png,16
image16/image23.png,16
image16/image24.png,16
image16/image25.png,16
image16/image26.png,16
image16/image27.png,16
image16/image28.png,16
image16/image29.png,16
image16/image30.png,16
image16/image31.png,16
image16/image32.png,16
image16/image33.png,16
image16/image34.png,16
image16/image35.png,16
image16/image36.png,16
image16/image37.png,16
image16/image38.png,16
image16/image39.png,16
image16/image40.png,16
image16/image41.png,16
image16/image42.png,16
image16/image43.png,16
image16/image44.png,16
image16/image45.png,16
image17/image1.png,17
image17/image2.png,17
image17/image3.png,17
image17/image4.png,17
image17/image5.png,17
image17/image6.png,17
image17/image7.png,17
image17/image8.png,17
image17/image9.png,17
image17/image10.png,17
image17/image11.png,17
image17/image12.png,17
image17/image13.png,17
image17/image14.png,17
image17/image15.png,17
image17/image16.png,17
image17/image17.png,17
image17/image18.png,17
image17/image19.png,17
image17/image20.png,17
image17/image21.png,17
image17/image22.png,17
image17/image23.png,17
image17/image24.png,17
image17/image25.png,17
image17/image26.png,17
image17/image27.png,17
image17/image28.png,17
image17/image29.png,17
image17/image30.png,17
image17/image31.png,17
image17/image32.png,17
image17/image33.png,17
image17/image34.png,17
image17/image35.png,17
image17/image36.png,17
image17/image37.png,17
image17/image38.png,17
image17/image39.png,17
image17/image40.png,17
image17/image41.png,17
image17/image42.png,17
image17/image43.png,17
image17/image44.png,17
image17/image45.png,17
image18/image1.png,18
image18/image2.png,18
image18/image3.png,18
image18/image4.png,18
image18/image5.png,18
image18/image6.png,18
image18/image7.png,18
image18/image8.png,18
image18/image9.png,18
image18/image10.png,18
image18/image11.png,18
image18/image12.png,18
image18/image13.png,18
image18/image14.png,18
image18/image15.png,18
image18/image16.png,18
image18/image17.png,18
image18/image18.png,18
image18/image19.png,18
image18/image20.png,18
image18/image21.png,18
image18/image22.png,18
image18/image23.png,18
image18/image24.png,18
image18/image25.png,18
image18/image26.png,18
image18/image27.png,18
image18/image28.png,18
image18/image29.png,18
image18/image30.png,18
image18/image31.png,18
image18/image32.png,18
image18/image33.png,18
image18/image34.png,18
image18/image35.png,18
image18/image36.png,18
image18/image37.png,18
image18/image38.png,18
image18/image39.png,18
image18/image40.png,18
image18/image41.png,18
image18/image42.png,18
image18/image43.png,18
image18/image44.png,18
image18/image45.png,18
image19/image1.png,19
image19/image2.png,19
image19/image3.png,19
image19/image4.png,19
image19/image5.png,19
image19/image6.png,19
image19/image7.png,19
image19/image8.png,19
image19/image9.png,19
image19/image10.png,19
image19/image11.png,19
image19/image12.png,19
image19/image13.png,19
image19/image14.png,19
image19/image15.png,19
image19/image16.png,19
image19/image17.png,19
image19/image18.png,19
image19/image19.png,19
image19/image20.png,19
image19/image21.png,19
image19/image22.png,19
image19/image23.png,19
image19/image24.png,19
image19/image25.png,19
image19/image26.png,19
image19/image27.png,19
image19/image28.png,19
image19/image29.png,19
image19/image30.png,19
image19/image31.png,19
image19/image32.png,19
image19/image33.png,19
image19/image34.png,19
image19/image35.png,19
image19/image36.png,19
image19/image37.png,19
image19/image38.png,19
image19/image39.png,19
image19/image40.png,19
image19/image41.png,19
image19/image42.png,19
image19/image43.png,19
image19/image44.png,19
image19/image45.png,19
image,class
image21/image1.png,21
image21/image2.png,21
image21/image3.png,21
image21/image4.png,21
image21/image5.png,21
image21/image6.png,21
image21/image7.png,21
image21/image8.png,21
image21/image9.png,21
image21/image10.png,21
image21/image11.png,21
image21/image12.png,21
image21/image13.png,21
image21/image14.png,21
image21/image15.png,21
image21/image16.png,21
image21/image17.png,21
image21/image18.png,21
image21/image19.png,21
image21/image20.png,21
image21/image21.png,21
image21/image22.png,21
image21/image23.png,21
image21/image24.png,21
image21/image25.png,21
image21/image26.png,21
image21/image27.png,21
image21/image28.png,21
image21/image29.png,21
image21/image30.png,21
image21/image31.png,21
image21/image32.png,21
image21/image33.png,21
image21/image34.png,21
image21/image35.png,21
image21/image36.png,21
image21/image37.png,21
image21/image38.png,21
image21/image39.png,21
image21/image40.png,21
image21/image41.png,21
image21/image42.png,21
image21/image43.png,21
image21/image44.png,21
image21/image45.png,21
image22/image1.png,22
image22/image2.png,22
image22/image3.png,22
image22/image4.png,22
image22/image5.png,22
image22/image6.png,22
image22/image7.png,22
image22/image8.png,22
image22/image9.png,22
image22/image10.png,22
image22/image11.png,22
image22/image12.png,22
image22/image13.png,22
image22/image14.png,22
image22/image15.png,22
image22/image16.png,22
image22/image17.png,22
image22/image18.png,22
image22/image19.png,22
image22/image20.png,22
image22/image21.png,22
image22/image22.png,22
image22/image23.png,22
image22/image24.png,22
image22/image25.png,22
image22/image26.png,22
image22/image27.png,22
image22/image28.png,22
image22/image29.png,22
image22/image30.png,22
image22/image31.png,22
image22/image32.png,22
image22/image33.png,22
image22/image34.png,22
image22/image35.png,22
image22/image36.png,22
image22/image37.png,22
image22/image38.png,22
image22/image39.png,22
image22/image40.png,22
image22/image41.png,22
image22/image42.png,22
image22/image43.png,22
image22/image44.png,22
image22/image45.png,22
image23/image1.png,23
image23/image2.png,23
image23/image3.png,23
image23/image4.png,23
image23/image5.png,23
image23/image6.png,23
image23/image7.png,23
image23/image8.png,23
image23/image9.png,23
image23/image10.png,23
image23/image11.png,23
image23/image12.png,23
image23/image13.png,23
image23/image14.png,23
image23/image15.png,23
image23/image16.png,23
image23/image17.png,23
image23/image18.png,23
image23/image19.png,23
image23/image20.png,23
image23/image21.png,23
image23/image22.png,23
image23/image23.png,23
image23/image24.png,23
image23/image25.png,23
image23/image26.png,23
image23/image27.png,23
image23/image28.png,23
image23/image29.png,23
image23/image30.png,23
image23/image31.png,23
image23/image32.png,23
image23/image33.png,23
image23/image34.png,23
image23/image35.png,23
image23/image36.png,23
image23/image37.png,23
image23/image38.png,23
image23/image39.png,23
image23/image40.png,23
image23/image41.png,23
image23/image42.png,23
image23/image43.png,23
image23/image44.png,23
image23/image45.png,23
image24/image1.png,24
image24/image2.png,24
image24/image3.png,24
image24/image4.png,24
image24/image5.png,24
image24/image6.png,24
image24/image7.png,24
image24/image8.png,24
image24/image9.png,24
image24/image10.png,24
image24/image11.png,24
image24/image12.png,24
image24/image13.png,24
image24/image14.png,24
image24/image15.png,24
image24/image16.png,24
image24/image17.png,24
image24/image18.png,24
image24/image19.png,24
image24/image20.png,24
image24/image21.png,24
image24/image22.png,24
image24/image23.png,24
image24/image24.png,24
image24/image25.png,24
image24/image26.png,24
image24/image27.png,24
image24/image28.png,24
image24/image29.png,24
image24/image30.png,24
image24/image31.png,24
image24/image32.png,24
image24/image33.png,24
image24/image34.png,24
image24/image35.png,24
image24/image36.png,24
image24/image37.png,24
image24/image38.png,24
image24/image39.png,24
image24/image40.png,24
image24/image41.png,24
image24/image42.png,24
image24/image43.png,24
image24/image44.png,24
image24/image45.png,24
image25/image1.png,25
image25/image2.png,25
image25/image3.png,25
image25/image4.png,25
image25/image5.png,25
image25/image6.png,25
image25/image7.png,25
image25/image8.png,25
image25/image9.png,25
image25/image10.png,25
image25/image11.png,25
image25/image12.png,25
image25/image13.png,25
image25/image14.png,25
image25/image15.png,25
image25/image16.png,25
image25/image17.png,25
image25/image18.png,25
image25/image19.png,25
image25/image20.png,25
image25/image21.png,25
image25/image22.png,25
image25/image23.png,25
image25/image24.png,25
image25/image25.png,25
image25/image26.png,25
image25/image27.png,25
image25/image28.png,25
image25/image29.png,25
image25/image30.png,25
image25/image31.png,25
image25/image32.png,25
image25/image33.png,25
image25/image34.png,25
image25/image35.png,25
image25/image36.png,25
image25/image37.png,25
image25/image38.png,25
image25/image39.png,25
image25/image40.png,25
image25/image41.png,25
image25/image42.png,25
image25/image43.png,25
image25/image44.png,25
image25/image45.png,25
image26/image1.png,26
image26/image2.png,26
image26/image3.png,26
image26/image4.png,26
image26/image5.png,26
image26/image6.png,26
image26/image7.png,26
image26/image8.png,26
image26/image9.png,26
image26/image10.png,26
image26/image11.png,26
image26/image12.png,26
image26/image13.png,26
image26/image14.png,26
image26/image15.png,26
image26/image16.png,26
image26/image17.png,26
image26/image18.png,26
image26/image19.png,26
image26/image20.png,26
image26/image21.png,26
image26/image22.png,26
image26/image23.png,26
image26/image24.png,26
image26/image25.png,26
image26/image26.png,26
image26/image27.png,26
image26/image28.png,26
image26/image29.png,26
image26/image30.png,26
image26/image31.png,26
image26/image32.png,26
image26/image33.png,26
image26/image34.png,26
image26/image35.png,26
image26/image36.png,26
image26/image37.png,26
image26/image38.png,26
image26/image39.png,26
image26/image40.png,26
image26/image41.png,26
image26/image42.png,26
image26/image43.png,26
image26/image44.png,26
image26/image45.png,26
image27/image1.png,27
image27/image2.png,27
image27/image3.png,27
image27/image4.png,27
image27/image5.png,27
image27/image6.png,27
image27/image7.png,27
image27/image8.png,27
image27/image9.png,27
image27/image10.png,27
image27/image11.png,27
image27/image12.png,27
image27/image13.png,27
image27/image14.png,27
image27/image15.png,27
image27/image16.png,27
image27/image17.png,27
image27/image18.png,27
image27/image19.png,27
image27/image20.png,27
image27/image21.png,27
image27/image22.png,27
image27/image23.png,27
image27/image24.png,27
image27/image25.png,27
image27/image26.png,27
image27/image27.png,27
image27/image28.png,27
image27/image29.png,27
image27/image30.png,27
image27/image31.png,27
image27/image32.png,27
image27/image33.png,27
image27/image34.png,27
image27/image35.png,27
image27/image36.png,27
image27/image37.png,27
image27/image38.png,27
image27/image39.png,27
image27/image40.png,27
image27/image41.png,27
image27/image42.png,27
image27/image43.png,27
image27/image44.png,27
image27/image45.png,27
image28/image1.png,28
image28/image2.png,28
image28/image3.png,28
image28/image4.png,28
image28/image5.png,28
image28/image6.png,28
image28/image7.png,28
image28/image8.png,28
image28/image9.png,28
image28/image10.png,28
image28/image11.png,28
image28/image12.png,28
image28/image13.png,28
image28/image14.png,28
image28/image15.png,28
image28/image16.png,28
image28/image17.png,28
image28/image18.png,28
image28/image19.png,28
image28/image20.png,28
image28/image21.png,28
image28/image22.png,28
image28/image23.png,28
image28/image24.png,28
image28/image25.png,28
image28/image26.png,28
image28/image27.png,28
image28/image28.png,28
image28/image29.png,28
image28/image30.png,28
image28/image31.png,28
image28/image32.png,28
image28/image33.png,28
image28/image34.png,28
image28/image35.png,28
image28/image36.png,28
image28/image37.png,28
image28/image38.png,28
image28/image39.png,28
image28/image40.png,28
image28/image41.png,28
image28/image42.png,28
image28/image43.png,28
image28/image44.png,28
image28/image45.png,28
image29/image1.png,29
image29/image2.png,29
image29/image3.png,29
image29/image4.png,29
image29/image5.png,29
image29/image6.png,29
image29/image7.png,29
image29/image8.png,29
image29/image9.png,29
image29/image10.png,29
image29/image11.png,29
image29/image12.png,29
image29/image13.png,29
image29/image14.png,29
image29/image15.png,29
image29/image16.png,29
image29/image17.png,29
image29/image18.png,29
image29/image19.png,29
image29/image20.png,29
image29/image21.png,29
image29/image22.png,29
image29/image23.png,29
image29/image24.png,29
image29/image25.png,29
image29/image26.png,29
image29/image27.png,29
image29/image28.png,29
image29/image29.png,29
image29/image30.png,29
image29/image31.png,29
image29/image32.png,29
image29/image33.png,29
image29/image34.png,29
image29/image35.png,29
image29/image36.png,29
image29/image37.png,29
image29/image38.png,29
image29/image39.png,29
image29/image40.png,29
image29/image41.png,29
image29/image42.png,29
image29/image43.png,29
image29/image44.png,29
image29/image45.png,29
image30/image1.png,30
image30/image2.png,30
image30/image3.png,30
image30/image4.png,30
image30/image5.png,30
image30/image6.png,30
image30/image7.png,30
image30/image8.png,30
image30/image9.png,30
image30/image10.png,30
image30/image11.png,30
image30/image12.png,30
image30/image13.png,30
image30/image14.png,30
image30/image15.png,30
image30/image16.png,30
image30/image17.png,30
image30/image18.png,30
image30/image19.png,30
image30/image20.png,30
image30/image21.png,30
image30/image22.png,30
image30/image23.png,30
image30/image24.png,30
image30/image25.png,30
image30/image26.png,30
image30/image27.png,30
image30/image28.png,30
image30/image29.png,30
image30/image30.png,30
image30/image31.png,30
image30/image32.png,30
image30/image33.png,30
image30/image34.png,30
image30/image35.png,30
image30/image36.png,30
image30/image37.png,30
image30/image38.png,30
image30/image39.png,30
image30/image40.png,30
image30/image41.png,30
image30/image42.png,30
image30/image43.png,30
image30/image44.png,30
image30/image45.png,30
image31/image1.png,31
image31/image2.png,31
image31/image3.png,31
image31/image4.png,31
image31/image5.png,31
image31/image6.png,31
image31/image7.png,31
image31/image8.png,31
image31/image9.png,31
image31/image10.png,31
image31/image11.png,31
image31/image12.png,31
image31/image13.png,31
image31/image14.png,31
image31/image15.png,31
image31/image16.png,31
image31/image17.png,31
image31/image18.png,31
image31/image19.png,31
image31/image20.png,31
image31/image21.png,31
image31/image22.png,31
image31/image23.png,31
image31/image24.png,31
image31/image25.png,31
image31/image26.png,31
image31/image27.png,31
image31/image28.png,31
image31/image29.png,31
image31/image30.png,31
image31/image31.png,31
image31/image32.png,31
image31/image33.png,31
image31/image34.png,31
image31/image35.png,31
image31/image36.png,31
image31/image37.png,31
image31/image38.png,31
image31/image39.png,31
image31/image40.png,31
image31/image41.png,31
image31/image42.png,31
image31/image43.png,31
image31/image44.png,31
image31/image45.png,31
image32/image1.png,32
image32/image2.png,32
image32/image3.png,32
image32/image4.png,32
image32/image5.png,32
image32/image6.png,32
image32/image7.png,32
image32/image8.png,32
image32/image9.png,32
image32/image10.png,32
image32/image11.png,32
image32/image12.png,32
image32/image13.png,32
image32/image14.png,32
image32/image15.png,32
image32/image16.png,32
image32/image17.png,32
image32/image18.png,32
image32/image19.png,32
image32/image20.png,32
image32/image21.png,32
image32/image22.png,32
image32/image23.png,32
image32/image24.png,32
image32/image25.png,32
image32/image26.png,32
image32/image27.png,32
image32/image28.png,32
image32/image29.png,32
image32/image30.png,32
image32/image31.png,32
image32/image32.png,32
image32/image33.png,32
image32/image34.png,32
image32/image35.png,32
image32/image36.png,32
image32/image37.png,32
image32/image38.png,32
image32/image39.png,32
image32/image40.png,32
image32/image41.png,32
image32/image42.png,32
image32/image43.png,32
image32/image44.png,32
image32/image45.png,32
image33/image1.png,33
image33/image2.png,33
image33/image3.png,33
image33/image4.png,33
image33/image5.png,33
image33/image6.png,33
image33/image7.png,33
image33/image8.png,33
image33/image9.png,33
image33/image10.png,33
image33/image11.png,33
image33/image12.png,33
image33/image13.png,33
image33/image14.png,33
image33/image15.png,33
image33/image16.png,33
image33/image17.png,33
image33/image18.png,33
image33/image19.png,33
image33/image20.png,33
image33/image21.png,33
image33/image22.png,33
image33/image23.png,33
image33/image24.png,33
image33/image25.png,33
image33/image26.png,33
image33/image27.png,33
image33/image28.png,33
image33/image29.png,33
image33/image30.png,33
image33/image31.png,33
image33/image32.png,33
image33/image33.png,33
image33/image34.png,33
image33/image35.png,33
image33/image36.png,33
image33/image37.png,33
image33/image38.png,33
image33/image39.png,33
image33/image40.png,33
image33/image41.png,33
image33/image42.png,33
image33/image43.png,33
image33/image44.png,33
image33/image45.png,33
image34/image1.png,34
image34/image2.png,34
image34/image3.png,34
image34/image4.png,34
image34/image5.png,34
image34/image6.png,34
image34/image7.png,34
image34/image8.png,34
image34/image9.png,34
image34/image10.png,34
image34/image11.png,34
image34/image12.png,34
image34/image13.png,34
image34/image14.png,34
image34/image15.png,34
image34/image16.png,34
image34/image17.png,34
image34/image18.png,34
image34/image19.png,34
image34/image20.png,34
image34/image21.png,34
image34/image22.png,34
image34/image23.png,34
image34/image24.png,34
image34/image25.png,34
image34/image26.png,34
image34/image27.png,34
image34/image28.png,34
image34/image29.png,34
image34/image30.png,34
image34/image31.png,34
image34/image32.png,34
image34/image33.png,34
image34/image34.png,34
image34/image35.png,34
image34/image36.png,34
image34/image37.png,34
image34/image38.png,34
image34/image39.png,34
image34/image40.png,34
image34/image41.png,34
image34/image42.png,34
image34/image43.png,34
image34/image44.png,34
image34/image45.png,34
image35/image1.png,35
image35/image2.png,35
image35/image3.png,35
image35/image4.png,35
image35/image5.png,35
image35/image6.png,35
image35/image7.png,35
image35/image8.png,35
image35/image9.png,35
image35/image10.png,35
image35/image11.png,35
image35/image12.png,35
image35/image13.png,35
image35/image14.png,35
image35/image15.png,35
image35/image16.png,35
image35/image17.png,35
image35/image18.png,35
image35/image19.png,35
image35/image20.png,35
image35/image21.png,35
image35/image22.png,35
image35/image23.png,35
image35/image24.png,35
image35/image25.png,35
image35/image26.png,35
image35/image27.png,35
image35/image28.png,35
image35/image29.png,35
image35/image30.png,35
image35/image31.png,35
image35/image32.png,35
image35/image33.png,35
image35/image34.png,35
image35/image35.png,35
image35/image36.png,35
image35/image37.png,35
image35/image38.png,35
image35/image39.png,35
image35/image40.png,35
image35/image41.png,35
image35/image42.png,35
image35/image43.png,35
image35/image44.png,35
image35/image45.png,35
image36/image1.png,36
image36/image2.png,36
image36/image3.png,36
image36/image4.png,36
image36/image5.png,36
image36/image6.png,36
image36/image7.png,36
image36/image8.png,36
image36/image9.png,36
image36/image10.png,36
image36/image11.png,36
image36/image12.png,36
image36/image13.png,36
image36/image14.png,36
image36/image15.png,36
image36/image16.png,36
image36/image17.png,36
image36/image18.png,36
image36/image19.png,36
image36/image20.png,36
image36/image21.png,36
image36/image22.png,36
image36/image23.png,36
image36/image24.png,36
image36/image25.png,36
image36/image26.png,36
image36/image27.png,36
image36/image28.png,36
image36/image29.png,36
image36/image30.png,36
image36/image31.png,36
image36/image32.png,36
image36/image33.png,36
image36/image34.png,36
image36/image35.png,36
image36/image36.png,36
image36/image37.png,36
image36/image38.png,36
image36/image39.png,36
image36/image40.png,36
image36/image41.png,36
image36/image42.png,36
image36/image43.png,36
image36/image44.png,36
image36/image45.png,36
image37/image1.png,37
image37/image2.png,37
image37/image3.png,37
image37/image4.png,37
image37/image5.png,37
image37/image6.png,37
image37/image7.png,37
image37/image8.png,37
image37/image9.png,37
image37/image10.png,37
image37/image11.png,37
image37/image12.png,37
image37/image13.png,37
image37/image14.png,37
image37/image15.png,37
image37/image16.png,37
image37/image17.png,37
image37/image18.png,37
image37/image19.png,37
image37/image20.png,37
image37/image21.png,37
image37/image22.png,37
image37/image23.png,37
image37/image24.png,37
image37/image25.png,37
image37/image26.png,37
image37/image27.png,37
image37/image28.png,37
image37/image29.png,37
image37/image30.png,37
image37/image31.png,37
image37/image32.png,37
image37/image33.png,37
image37/image34.png,37
image37/image35.png,37
image37/image36.png,37
image37/image37.png,37
image37/image38.png,37
image37/image39.png,37
image37/image40.png,37
image37/image41.png,37
image37/image42.png,37
image37/image43.png,37
image37/image44.png,37
image37/image45.png,37
image38/image1.png,38
image38/image2.png,38
image38/image3.png,38
image38/image4.png,38
image38/image5.png,38
image38/image6.png,38
image38/image7.png,38
image38/image8.png,38
image38/image9.png,38
image38/image10.png,38
image38/image11.png,38
image38/image12.png,38
image38/image13.png,38
image38/image14.png,38
image38/image15.png,38
image38/image16.png,38
image38/image17.png,38
image38/image18.png,38
image38/image19.png,38
image38/image20.png,38
image38/image21.png,38
image38/image22.png,38
image38/image23.png,38
image38/image24.png,38
image38/image25.png,38
image38/image26.png,38
image38/image27.png,38
image38/image28.png,38
image38/image29.png,38
image38/image30.png,38
image38/image31.png,38
image38/image32.png,38
image38/image33.png,38
image38/image34.png,38
image38/image35.png,38
image38/image36.png,38
image38/image37.png,38
image38/image38.png,38
image38/image39.png,38
image38/image40.png,38
image38/image41.png,38
image38/image42.png,38
image38/image43.png,38
image38/image44.png,38
image38/image45.png,38
image39/image1.png,39
image39/image2.png,39
image39/image3.png,39
image39/image4.png,39
image39/image5.png,39
image39/image6.png,39
image39/image7.png,39
image39/image8.png,39
image39/image9.png,39
image39/image10.png,39
image39/image11.png,39
image39/image12.png,39
image39/image13.png,39
image39/image14.png,39
image39/image15.png,39
image39/image16.png,39
image39/image17.png,39
image39/image18.png,39
image39/image19.png,39
image39/image20.png,39
image39/image21.png,39
image39/image22.png,39
image39/image23.png,39
image39/image24.png,39
image39/image25.png,39
image39/image26.png,39
image39/image27.png,39
image39/image28.png,39
image39/image29.png,39
image39/image30.png,39
image39/image31.png,39
image39/image32.png,39
image39/image33.png,39
image39/image34.png,39
image39/image35.png,39
image39/image36.png,39
image39/image37.png,39
image39/image38.png,39
image39/image39.png,39
image39/image40.png,39
image39/image41.png,39
image39/image42.png,39
image39/image43.png,39
image39/image44.png,39
image39/image45.png,39
image40/image1.png,40
image40/image2.png,40
image40/image3.png,40
image40/image4.png,40
image40/image5.png,40
image40/image6.png,40
image40/image7.png,40
image40/image8.png,40
image40/image9.png,40
image40/image10.png,40
image40/image11.png,40
image40/image12.png,40
image40/image13.png,40
image40/image14.png,40
image40/image15.png,40
image40/image16.png,40
image40/image17.png,40
image40/image18.png,40
image40/image19.png,40
image40/image20.png,40
image40/image21.png,40
image40/image22.png,40
image40/image23.png,40
image40/image24.png,40
image40/image25.png,40
image40/image26.png,40
image40/image27.png,40
image40/image28.png,40
image40/image29.png,40
image40/image30.png,40
image40/image31.png,40
image40/image32.png,40
image40/image33.png,40
image40/image34.png,40
image40/image35.png,40
image40/image36.png,40
image40/image37.png,40
image40/image38.png,40
image40/image39.png,40
image40/image40.png,40
image40/image41.png,40
image40/image42.png,40
image40/image43.png,40
image40/image44.png,40
image40/image45.png,40
image41/image1.png,41
image41/image2.png,41
image41/image3.png,41
image41/image4.png,41
image41/image5.png,41
image41/image6.png,41
image41/image7.png,41
image41/image8.png,41
image41/image9.png,41
image41/image10.png,41
image41/image11.png,41
image41/image12.png,41
image41/image13.png,41
image41/image14.png,41
image41/image15.png,41
image41/image16.png,41
image41/image17.png,41
image41/image18.png,41
image41/image19.png,41
image41/image20.png,41
image41/image21.png,41
image41/image22.png,41
image41/image23.png,41
image41/image24.png,41
image41/image25.png,41
image41/image26.png,41
image41/image27.png,41
image41/image28.png,41
image41/image29.png,41
image41/image30.png,41
image41/image31.png,41
image41/image32.png,41
image41/image33.png,41
image41/image34.png,41
image41/image35.png,41
image41/image36.png,41
image41/image37.png,41
image41/image38.png,41
image41/image39.png,41
image41/image40.png,41
image41/image41.png,41
image41/image42.png,41
image41/image43.png,41
image41/image44.png,41
image41/image45.png,41
image42/image1.png,42
image42/image2.png,42
image42/image3.png,42
image42/image4.png,42
image42/image5.png,42
image42/image6.png,42
image42/image7.png,42
image42/image8.png,42
image42/image9.png,42
image42/image10.png,42
image42/image11.png,42
image42/image12.png,42
image42/image13.png,42
image42/image14.png,42
image42/image15.png,42
image42/image16.png,42
image42/image17.png,42
image42/image18.png,42
image42/image19.png,42
image42/image20.png,42
image42/image21.png,42
image42/image22.png,42
image42/image23.png,42
image42/image24.png,42
image42/image25.png,42
image42/image26.png,42
image42/image27.png,42
image42/image28.png,42
image42/image29.png,42
image42/image30.png,42
image42/image31.png,42
image42/image32.png,42
image42/image33.png,42
image42/image34.png,42
image42/image35.png,42
image42/image36.png,42
image42/image37.png,42
image42/image38.png,42
image42/image39.png,42
image42/image40.png,42
image42/image41.png,42
image42/image42.png,42
image42/image43.png,42
image42/image44.png,42
image42/image45.png,42
image43/image1.png,43
image43/image2.png,43
image43/image3.png,43
image43/image4.png,43
image43/image5.png,43
image43/image6.png,43
image43/image7.png,43
image43/image8.png,43
image43/image9.png,43
image43/image10.png,43
image43/image11.png,43
image43/image12.png,43
image43/image13.png,43
image43/image14.png,43
image43/image15.png,43
image43/image16.png,43
image43/image17.png,43
image43/image18.png,43
image43/image19.png,43
image43/image20.png,43
image43/image21.png,43
image43/image22.png,43
image43/image23.png,43
image43/image24.png,43
image43/image25.png,43
image43/image26.png,43
image43/image27.png,43
image43/image28.png,43
image43/image29.png,43
image43/image30.png,43
image43/image31.png,43
image43/image32.png,43
image43/image33.png,43
image43/image34.png,43
image43/image35.png,43
image43/image36.png,43
image43/image37.png,43
image43/image38.png,43
image43/image39.png,43
image43/image40.png,43
image43/image41.png,43
image43/image42.png,43
image43/image43.png,43
image44/image1.png,44
image44/image2.png,44
image44/image3.png,44
image44/image4.png,44
image44/image5.png,44
image44/image6.png,44
image44/image7.png,44
image44/image8.png,44
image44/image9.png,44
image44/image10.png,44
image44/image11.png,44
image44/image12.png,44
image44/image13.png,44
image44/image14.png,44
image44/image15.png,44
image44/image16.png,44
image44/image17.png,44
image44/image18.png,44
image44/image19.png,44
image44/image20.png,44
image44/image21.png,44
image44/image22.png,44
image44/image23.png,44
image44/image24.png,44
image44/image25.png,44
image44/image26.png,44
image44/image27.png,44
image44/image28.png,44
image44/image29.png,44
image44/image30.png,44
image44/image31.png,44
image44/image32.png,44
image44/image33.png,44
image44/image34.png,44
image44/image35.png,44
image44/image36.png,44
image44/image37.png,44
image44/image38.png,44
image44/image39.png,44
image44/image40.png,44
image44/image41.png,44
image44/image42.png,44
image44/image43.png,44
image44/image44.png,44
image45/image1.png,45
image45/image2.png,45
image45/image3.png,45
image45/image4.png,45
image45/image5.png,45
image45/image6.png,45
image45/image7.png,45
image45/image8.png,45
image45/image9.png,45
image45/image10.png,45
image45/image11.png,45
image45/image12.png,45
image45/image13.png,45
image45/image14.png,45
image45/image15.png,45
image45/image16.png,45
image45/image17.png,45
image45/image18.png,45
image45/image19.png,45
image45/image20.png,45
image45/image21.png,45
image45/image22.png,45
image45/image23.png,45
image45/image24.png,45
image45/image25.png,45
image45/image26.png,45
image45/image27.png,45
image45/image28.png,45
image45/image29.png,45
image45/image30.png,45
image45/image31.png,45
image45/image32.png,45
image45/image33.png,45
image45/image34.png,45
image45/image35.png,45
image45/image36.png,45
image45/image37.png,45
image45/image38.png,45
image45/image39.png,45
image45/image40.png,45
image45/image41.png,45
image45/image42.png,45
image45/image43.png,45
image45/image44.png,45
image45/image45.png,45
image46/image1.png,46
image46/image2.png,46
image46/image3.png,46
image46/image4.png,46
image46/image5.png,46
image46/image6.png,46
image46/image7.png,46
image46/image8.png,46
image46/image9.png,46
image46/image10.png,46
image46/image11.png,46
image46/image12.png,46
image46/image13.png,46
image46/image14.png,46
image46/image15.png,46
image46/image16.png,46
image46/image17.png,46
image46/image18.png,46
image46/image19.png,46
image46/image20.png,46
image46/image21.png,46
image46/image22.png,46
image46/image23.png,46
image46/image24.png,46
image46/image25.png,46
image46/image26.png,46
image46/image27.png,46
image46/image28.png,46
image46/image29.png,46
image46/image30.png,46
image46/image31.png,46
image46/image32.png,46
image46/image33.png,46
image46/image34.png,46
image46/image35.png,46
image46/image36.png,46
image46/image37.png,46
image46/image38.png,46
image46/image39.png,46
image46/image40.png,46
image46/image41.png,46
image46/image42.png,46
image46/image43.png,46
image46/image44.png,46
image46/image45.png,46
image47/image1.png,47
image47/image2.png,47
image47/image3.png,47
image47/image4.png,47
image47/image5.png,47
image47/image6.png,47
image47/image7.png,47
image47/image8.png,47
image47/image9.png,47
image47/image10.png,47
image47/image11.png,47
image47/image12.png,47
image47/image13.png,47
image47/image14.png,47
image47/image15.png,47
image47/image16.png,47
image47/image17.png,47
image47/image18.png,47
image47/image19.png,47
image47/image20.png,47
image47/image21.png,47
image47/image22.png,47
image47/image23.png,47
image47/image24.png,47
image47/image25.png,47
image47/image26.png,47
image47/image27.png,47
image47/image28.png,47
image47/image29.png,47
image47/image30.png,47
image47/image31.png,47
image47/image32.png,47
image47/image33.png,47
image47/image34.png,47
image47/image35.png,47
image47/image36.png,47
image47/image37.png,47
image47/image38.png,47
image47/image39.png,47
image47/image40.png,47
image47/image41.png,47
image47/image42.png,47
image47/image43.png,47
image47/image44.png,47
image47/image45.png,47
image48/image1.png,48
image48/image2.png,48
image48/image3.png,48
image48/image4.png,48
image48/image5.png,48
image48/image6.png,48
image48/image7.png,48
image48/image8.png,48
image48/image9.png,48
image48/image10.png,48
image48/image11.png,48
image48/image12.png,48
image48/image13.png,48
image48/image14.png,48
image48/image15.png,48
image48/image16.png,48
image48/image17.png,48
image48/image18.png,48
image48/image19.png,48
image48/image20.png,48
image48/image21.png,48
image48/image22.png,48
image48/image23.png,48
image48/image24.png,48
image48/image25.png,48
image48/image26.png,48
image48/image27.png,48
image48/image28.png,48
image48/image29.png,48
image48/image30.png,48
image48/image31.png,48
image48/image32.png,48
image48/image33.png,48
image48/image34.png,48
image48/image35.png,48
image48/image36.png,48
image48/image37.png,48
image48/image38.png,48
image48/image39.png,48
image48/image40.png,48
image48/image41.png,48
image48/image42.png,48
image48/image43.png,48
image48/image44.png,48
image48/image45.png,48
image49/image1.png,49
image49/image2.png,49
image49/image3.png,49
image49/image4.png,49
image49/image5.png,49
image49/image6.png,49
image49/image7.png,49
image49/image8.png,49
image49/image9.png,49
image49/image10.png,49
image49/image11.png,49
image49/image12.png,49
image49/image13.png,49
image49/image14.png,49
image49/image15.png,49
image49/image16.png,49
image49/image17.png,49
image49/image18.png,49
image49/image19.png,49
image49/image20.png,49
image49/image21.png,49
image49/image22.png,49
image49/image23.png,49
image49/image24.png,49
image49/image25.png,49
image49/image26.png,49
image49/image27.png,49
image49/image28.png,49
image49/image29.png,49
image49/image30.png,49
image49/image31.png,49
image49/image32.png,49
image49/image33.png,49
image49/image34.png,49
image49/image35.png,49
image49/image36.png,49
image49/image37.png,49
image49/image38.png,49
image49/image39.png,49
image49/image40.png,49
image49/image41.png,49
image49/image42.png,49
image49/image43.png,49
image49/image44.png,49
image49/image45.png,49
image50/image1.png,50
image50/image2.png,50
image50/image3.png,50
image50/image4.png,50
image50/image5.png,50
image50/image6.png,50
image50/image7.png,50
image50/image8.png,50
image50/image9.png,50
image50/image10.png,50
image50/image11.png,50
image50/image12.png,50
image50/image13.png,50
image50/image14.png,50
image50/image15.png,50
image50/image16.png,50
image50/image17.png,50
image50/image18.png,50
image50/image19.png,50
image50/image20.png,50
image50/image21.png,50
image50/image22.png,50
image50/image23.png,50
image50/image24.png,50
image50/image25.png,50
image50/image26.png,50
image50/image27.png,50
image50/image28.png,50
image50/image29.png,50
image50/image30.png,50
image50/image31.png,50
image50/image32.png,50
image50/image33.png,50
image50/image34.png,50
image50/image35.png,50
image50/image36.png,50
image50/image37.png,50
image50/image38.png,50
image50/image39.png,50
image50/image40.png,50
image50/image41.png,50
image50/image42.png,50
image50/image43.png,50
image50/image44.png,50
image50/image45.png,50
image51/image1.png,51
image51/image2.png,51
image51/image3.png,51
image51/image4.png,51
image51/image5.png,51
image51/image6.png,51
image51/image7.png,51
image51/image8.png,51
image51/image9.png,51
image51/image10.png,51
image51/image11.png,51
image51/image12.png,51
image51/image13.png,51
image51/image14.png,51
image51/image15.png,51
image51/image16.png,51
image51/image17.png,51
image51/image18.png,51
image51/image19.png,51
image51/image20.png,51
image51/image21.png,51
image51/image22.png,51
image51/image23.png,51
image51/image24.png,51
image51/image25.png,51
image51/image26.png,51
image51/image27.png,51
image51/image28.png,51
image51/image29.png,51
image51/image30.png,51
image51/image31.png,51
image51/image32.png,51
image51/image33.png,51
image51/image34.png,51
image51/image35.png,51
image51/image36.png,51
image51/image37.png,51
image51/image38.png,51
image51/image39.png,51
image51/image40.png,51
image51/image41.png,51
image51/image42.png,51
image51/image43.png,51
image51/image44.png,51
image51/image45.png,51
image52/image1.png,52
image52/image2.png,52
image52/image3.png,52
image52/image4.png,52
image52/image5.png,52
image52/image6.png,52
image52/image7.png,52
image52/image8.png,52
image52/image9.png,52
image52/image10.png,52
image52/image11.png,52
image52/image12.png,52
image52/image13.png,52
image52/image14.png,52
image52/image15.png,52
image52/image16.png,52
image52/image17.png,52
image52/image18.png,52
image52/image19.png,52
image52/image20.png,52
image52/image21.png,52
image52/image22.png,52
image52/image23.png,52
image52/image24.png,52
image52/image25.png,52
image52/image26.png,52
image52/image27.png,52
image52/image28.png,52
image52/image29.png,52
image52/image30.png,52
image52/image31.png,52
image52/image32.png,52
image52/image33.png,52
image52/image34.png,52
image52/image35.png,52
image52/image36.png,52
image52/image37.png,52
image52/image38.png,52
image52/image39.png,52
image52/image40.png,52
image52/image41.png,52
image52/image42.png,52
image52/image43.png,52
image52/image44.png,52
image52/image45.png,52
image53/image1.png,53
image53/image2.png,53
image53/image3.png,53
image53/image4.png,53
image53/image5.png,53
image53/image6.png,53
image53/image7.png,53
image53/image8.png,53
image53/image9.png,53
image53/image10.png,53
image53/image11.png,53
image53/image12.png,53
image53/image13.png,53
image53/image14.png,53
image53/image15.png,53
image53/image16.png,53
image53/image17.png,53
image53/image18.png,53
image53/image19.png,53
image53/image20.png,53
image53/image21.png,53
image53/image22.png,53
image53/image23.png,53
image53/image24.png,53
image53/image25.png,53
image53/image26.png,53
image53/image27.png,53
image53/image28.png,53
image53/image29.png,53
image53/image30.png,53
image53/image31.png,53
image53/image32.png,53
image53/image33.png,53
image53/image34.png,53
image53/image35.png,53
image53/image36.png,53
image53/image37.png,53
image53/image38.png,53
image53/image39.png,53
image53/image40.png,53
image53/image41.png,53
image53/image42.png,53
image53/image43.png,53
image53/image44.png,53
image54/image1.png,54
image54/image2.png,54
image54/image3.png,54
image54/image4.png,54
image54/image5.png,54
image54/image6.png,54
image54/image7.png,54
image54/image8.png,54
image54/image9.png,54
image54/image10.png,54
image54/image11.png,54
image54/image12.png,54
image54/image13.png,54
image54/image14.png,54
image54/image15.png,54
image54/image16.png,54
image54/image17.png,54
image54/image18.png,54
image54/image19.png,54
image54/image20.png,54
image54/image21.png,54
image54/image22.png,54
image54/image23.png,54
image54/image24.png,54
image54/image25.png,54
image54/image26.png,54
image54/image27.png,54
image54/image28.png,54
image54/image29.png,54
image54/image30.png,54
image54/image31.png,54
image54/image32.png,54
image54/image33.png,54
image54/image34.png,54
image54/image35.png,54
image54/image36.png,54
image54/image37.png,54
image54/image38.png,54
image54/image39.png,54
image54/image40.png,54
image54/image41.png,54
image54/image42.png,54
image54/image43.png,54
image54/image44.png,54
image54/image45.png,54
image55/image1.png,55
image55/image2.png,55
image55/image3.png,55
image55/image4.png,55
image55/image5.png,55
image55/image6.png,55
image55/image7.png,55
image55/image8.png,55
image55/image9.png,55
image55/image10.png,55
image55/image11.png,55
image55/image12.png,55
image55/image13.png,55
image55/image14.png,55
image55/image15.png,55
image55/image16.png,55
image55/image17.png,55
image55/image18.png,55
image55/image19.png,55
image55/image20.png,55
image55/image21.png,55
image55/image22.png,55
image55/image23.png,55
image55/image24.png,55
image55/image25.png,55
image55/image26.png,55
image55/image27.png,55
image55/image28.png,55
image55/image29.png,55
image55/image30.png,55
image55/image31.png,55
image55/image32.png,55
image55/image33.png,55
image55/image34.png,55
image55/image35.png,55
image55/image36.png,55
image55/image37.png,55
image55/image38.png,55
image55/image39.png,55
image55/image40.png,55
image55/image41.png,55
image55/image42.png,55
image55/image43.png,55
image55/image44.png,55
image55/image45.png,55
image56/image1.png,56
image56/image2.png,56
image56/image3.png,56
image56/image4.png,56
image56/image5.png,56
image56/image6.png,56
image56/image7.png,56
image56/image8.png,56
image56/image9.png,56
image56/image10.png,56
image56/image11.png,56
image56/image12.png,56
image56/image13.png,56
image56/image14.png,56
image56/image15.png,56
image56/image16.png,56
image56/image17.png,56
image56/image18.png,56
image56/image19.png,56
image56/image20.png,56
image56/image21.png,56
image56/image22.png,56
image56/image23.png,56
image56/image24.png,56
image56/image25.png,56
image56/image26.png,56
image56/image27.png,56
image56/image28.png,56
image56/image29.png,56
image56/image30.png,56
image56/image31.png,56
image56/image32.png,56
image56/image33.png,56
image56/image34.png,56
image56/image35.png,56
image56/image36.png,56
image56/image37.png,56
image56/image38.png,56
image56/image39.png,56
image56/image40.png,56
image56/image41.png,56
image56/image42.png,56
image56/image43.png,56
image56/image44.png,56
image57/image1.png,57
image57/image2.png,57
image57/image3.png,57
image57/image4.png,57
image57/image5.png,57
image57/image6.png,57
image57/image7.png,57
image57/image8.png,57
image57/image9.png,57
image57/image10.png,57
image57/image11.png,57
image57/image12.png,57
image57/image13.png,57
image57/image14.png,57
image57/image15.png,57
image57/image16.png,57
image57/image17.png,57
image57/image18.png,57
image57/image19.png,57
image57/image20.png,57
image57/image21.png,57
image57/image22.png,57
image57/image23.png,57
image57/image24.png,57
image57/image25.png,57
image57/image26.png,57
image57/image27.png,57
image57/image28.png,57
image57/image29.png,57
image57/image30.png,57
image57/image31.png,57
image57/image32.png,57
image57/image33.png,57
image57/image34.png,57
image57/image35.png,57
image57/image36.png,57
image57/image37.png,57
image57/image38.png,57
image57/image39.png,57
image57/image40.png,57
image57/image41.png,57
image57/image42.png,57
image57/image43.png,57
image57/image44.png,57
image57/image45.png,57
image58/image1.png,58
image58/image2.png,58
image58/image3.png,58
image58/image4.png,58
image58/image5.png,58
image58/image6.png,58
image58/image7.png,58
image58/image8.png,58
image58/image9.png,58
image58/image10.png,58
image58/image11.png,58
image58/image12.png,58
image58/image13.png,58
image58/image14.png,58
image58/image15.png,58
image58/image16.png,58
image58/image17.png,58
image58/image18.png,58
image58/image19.png,58
image58/image20.png,58
image58/image21.png,58
image58/image22.png,58
image58/image23.png,58
image58/image24.png,58
image58/image25.png,58
image58/image26.png,58
image58/image27.png,58
image58/image28.png,58
image58/image29.png,58
image58/image30.png,58
image58/image31.png,58
image58/image32.png,58
image58/image33.png,58
image58/image34.png,58
image58/image35.png,58
image58/image36.png,58
image58/image37.png,58
image58/image38.png,58
image58/image39.png,58
image58/image40.png,58
image58/image41.png,58
image58/image42.png,58
image58/image43.png,58
image58/image44.png,58
image58/image45.png,58
